{
    "red": 26.200000000000134,
    "green": 29.800000000000185,
    "blue": 23.7000000000001,
    "white": 23.9000000000001
}